covnames,sum.wgt,ER
und,1.0584,-18.1232876712329
water,0.6035,1.52206809583859
ele,0.7948,3.87329434697856
height100,0,0
height500,0.6155,1.60078023407022
disturb100,0.8587,6.07714083510262
disturb500,0,0
distRoad,0.5973,1.48323814253787
forest100,0,0
forest1500,1.0938,-11.6609808102345
forest500,0,0
forest1000,0,0
ndvi100,0,0
ndvi500,0.8336,5.00961538461539
