covnames,sum.wgt,ER
und,0.7782,3.50856627592426
water,1.19,-6.26315789473684
ele,0.9332,13.9700598802395
height100,0.6809,2.13381385145722
height500,0,0
disturb100,1.3082,-4.24464633354964
disturb500,0,0
distRoad,1.2213,-5.51875282422051
forest100,0.3465,0.530221882172915
forest1500,0,0
forest500,0,0
forest1000,0.3465,0.530221882172915
ndvi100,0,0
ndvi500,1.4283,-3.33481204763017
