covnames,sum.wgt,ER
und,0.9999,9999.0000000011
water,0.9999,9999.0000000011
ele,0.9999,9999.0000000011
height100,0,0
height500,0,0
disturb100,0.3893,0.637465203864418
disturb500,0.6106,1.56805341551104
distRoad,0,0
forest100,0.5033,1.01328769881216
forest1500,0.4775,0.913875598086124
forest500,0.0191,0.0194719135487817
forest1000,0.2226,0.286339078981219
ndvi100,0,0
ndvi500,0.9999,9999.0000000011
