covnames,sum.wgt,ER
und,1.1128,-9.86524822695035
water,1.1128,-9.86524822695035
ele,1.1128,-9.86524822695035
height100,0.5564,1.25428313796213
height500,0.5564,1.25428313796213
disturb100,1.1128,-9.86524822695035
disturb500,0,0
distRoad,0.8872,7.86524822695035
forest100,0,0
forest1500,1.1128,-9.86524822695035
forest500,0,0
forest1000,0,0
ndvi100,0,0
ndvi500,1.1128,-9.86524822695035
