covnames,sum.wgt,ER
SURVEY,0.0407,0.0424267695194413
observer1,0.0778,0.0843634786380395
start,0.6707,2.03674460977832
cloudCover,0.9851,66.1140939597319
