covnames,sum.wgt,ER
SURVEY,0.9009,9.09081735620586
observer1,0.2605,0.352265043948614
start,0.3646,0.573811772112055
cloudCover,0.2611,0.353363107321694
