covnames,sum.wgt,ER
und,1,Inf
water,1,Inf
ele,1,Inf
height100,0,0
height500,0,0
disturb100,0.4959,0.98373338623289
disturb500,0.5041,1.0165355918532
distRoad,0,0
forest100,0.6001,1.50062515628907
forest1500,0.3412,0.517911353976928
forest500,0.0587,0.0623605651758207
forest1000,0.5166,1.06868018204386
ndvi100,0,0
ndvi500,1,Inf
