covnames,sum.wgt,ER
SURVEY,0.127,0.145475372279496
observer1,0.1112,0.125112511251125
start,0.805,4.12820512820513
cloudCover,0.2829,0.394505647747873
