covnames,sum.wgt,ER
und,0.4392,0.783166904422254
water,0.9159,10.8906064209275
ele,0.5209,1.08724692131079
height100,0.5875,1.42424242424242
height500,0,0
disturb100,0,0
disturb500,0.9421,16.2711571675302
distRoad,0.7019,2.35457900033546
forest100,0.6236,1.6567481402763
forest1500,0,0
forest500,0,0
forest1000,0,0
ndvi100,0,0
ndvi500,0.5488,1.21631205673759
