covnames,sum.wgt,ER
SURVEY,1,Inf
observer1,0.6675,2.00751879699248
start,0.2642,0.359064963305246
cloudCover,0.3379,0.510345869204048
