covnames,sum.wgt,ER
und,1.9996,-2.00040016006403
water,1.9996,-2.00040016006403
ele,1.9996,-2.00040016006403
height100,0.9998,4999.00000000055
height500,0.9998,4999.00000000055
disturb100,0,0
disturb500,1.9996,-2.00040016006403
distRoad,4e-04,0.00040016006402561
forest100,1.9996,-2.00040016006403
forest1500,0,0
forest500,0,0
forest1000,0,0
ndvi100,0,0
ndvi500,1.9996,-2.00040016006403
