covnames,sum.wgt,ER
und,1.0378,-27.4550264550264
water,1.0378,-27.4550264550264
ele,1.0378,-27.4550264550264
height100,0.5189,1.07856994387861
height500,0.5189,1.07856994387861
disturb100,1.0378,-27.4550264550264
disturb500,0,0
distRoad,0.9622,25.4550264550265
forest100,1.0378,-27.4550264550264
forest1500,0,0
forest500,0,0
forest1000,1.0378,-27.4550264550264
ndvi100,0,0
ndvi500,1.0378,-27.4550264550264
