covnames,sum.wgt,ER
SURVEY,0.5818,1.39120038259206
observer1,0.7657,3.26803243704652
start,0.9623,25.5251989389921
cloudCover,0.2757,0.380643379814994
