covnames,sum.wgt,ER
und,0.9999,9999.0000000011
water,0.9999,9999.0000000011
ele,0.9999,9999.0000000011
height100,0,0
height500,0,0
disturb100,0.1663,0.199472232217824
disturb500,0.8336,5.00961538461539
distRoad,0,0
forest100,0.1673,0.200912693647172
forest1500,0.3493,0.536806516059628
forest500,0.4833,0.935359009096187
forest1000,0.0844,0.0921799912625601
ndvi100,0.0028,0.00280786201363819
ndvi500,0.9971,343.827586206895
