covnames,sum.wgt,ER
SURVEY,0.1288,0.147842056932966
observer1,1,Inf
start,0.7045,2.38409475465313
cloudCover,0.9894,93.339622641509
