covnames,sum.wgt,ER
und,1,Inf
water,1,Inf
ele,1,Inf
height100,0,0
height500,0,0
disturb100,0.0766,0.0829542993285683
disturb500,0.9234,12.0548302872063
distRoad,0,0
forest100,0.2723,0.374192661811186
forest1500,0.2114,0.26806999746386
forest500,0.5163,1.06739714699194
forest1000,0.1805,0.220256253813301
ndvi100,0.2304,0.299376299376299
ndvi500,0.7696,3.34027777777778
