covnames,sum.wgt,ER
SURVEY,0.0604,0.0642826734780758
observer1,0.263,0.35685210312076
start,0.8622,6.25689404934688
cloudCover,0.6942,2.27011118378025
