covnames,sum.wgt,ER
SURVEY,0.205,0.257861635220126
observer1,0.1629,0.194600406164138
start,0.4913,0.965795164143896
cloudCover,0.3464,0.529987760097919
