covnames,sum.wgt,ER
SURVEY,0.0882,0.0967317394165387
observer1,0.3442,0.524855138761818
start,0.4882,0.95388823759281
cloudCover,0.2722,0.374003847210772
