covnames,sum.wgt,ER
SURVEY,0.7134,2.48918353105373
observer1,0.1702,0.205109664979513
start,0.2588,0.349163518618456
cloudCover,0.2808,0.390433815350389
