covnames,sum.wgt,ER
SURVEY,0.2204,0.282709081580298
observer1,0.4705,0.888574126534466
start,0.9505,19.2020202020202
cloudCover,0.3364,0.506931886678722
