covnames,sum.wgt,ER
SURVEY,0.0575,0.0610079575596817
observer1,1,Inf
start,0.9998,4999.00000000055
cloudCover,0.3249,0.481262035254036
