covnames,sum.wgt,ER
SURVEY,0.0307,0.0316723408645414
observer1,0.3441,0.524622655892667
start,0.2646,0.3598041881969
cloudCover,0.3102,0.449695563931574
