covnames,sum.wgt,ER
und,0.555,1.24719101123596
water,0.8105,4.27704485488127
ele,1.342,-3.92397660818713
height100,1.0291,-35.364261168385
height500,0,0
disturb100,0.5949,1.46852628980499
disturb500,0,0
distRoad,0.7573,3.12031314379893
forest100,0.9856,68.4444444444446
forest1500,0,0
forest500,0,0
forest1000,0.9856,68.4444444444446
ndvi100,0,0
ndvi500,0.4863,0.946661475569398
