covnames,sum.wgt,ER
SURVEY,0.9289,13.0646976090014
observer1,0.9999,9999.0000000011
start,0.3656,0.576292559899117
cloudCover,0.2541,0.340662287169862
