covnames,sum.wgt,ER
und,0.5366,1.15796288303841
water,0.4872,0.950078003120125
ele,0.3437,0.523693432881304
height100,0,0
height500,0.4405,0.787310098302056
disturb100,0.4384,0.780626780626781
disturb500,0,0
distRoad,0.3474,0.532332209623046
forest100,0,0
forest1500,0,0
forest500,0.9133,10.5340253748558
forest1000,0,0
ndvi100,0,0
ndvi500,0.5713,1.33263354327035
