covnames,sum.wgt,ER
SURVEY,0.0282,0.0290183165260342
observer1,0.1192,0.135331516802906
start,0.2762,0.381597126277977
cloudCover,0.2709,0.371553970648745
