covnames,sum.wgt,ER
und,1.0002,-5001.00000000055
water,1.0002,-5001.00000000055
ele,1.0002,-5001.00000000055
height100,0,0
height500,0,0
disturb100,0.7135,2.49040139616056
disturb500,0.2867,0.401934669844385
distRoad,0,0
forest100,0.3799,0.612643122077084
forest1500,0.3705,0.58856235107228
forest500,0.2498,0.332977872567315
forest1000,0.1959,0.243626414625047
ndvi100,0.7121,2.47342827370615
ndvi500,0.2881,0.404691670178396
