covnames,sum.wgt,ER
und,1.2612,-4.82848392036753
water,1.2612,-4.82848392036753
ele,1.2612,-4.82848392036753
height100,1.0376,-27.595744680851
height500,0.2236,0.287995878413189
disturb100,0,0
disturb500,1.2612,-4.82848392036753
distRoad,0.7388,2.82848392036753
forest100,1.2612,-4.82848392036753
forest1500,0,0
forest500,0,0
forest1000,0,0
ndvi100,0,0
ndvi500,1.2612,-4.82848392036753
