covnames,sum.wgt,ER
SURVEY,0.9999,9999.0000000011
observer1,0.9877,80.3008130081302
start,0.3808,0.614987080103359
cloudCover,0.2964,0.421262080727686
