covnames,sum.wgt,ER
SURVEY,0.0923,0.101685578935772
observer1,0.5549,1.24668613794653
start,0.9999,9999.0000000011
cloudCover,0.9472,17.9393939393939
