covnames,sum.wgt,ER
SURVEY,1.0002,-5001.00000000055
observer1,0.8353,5.07164541590771
start,0.9752,39.3225806451612
cloudCover,0.3695,0.586042823156225
