covnames,sum.wgt,ER
SURVEY,0.5779,1.36910684671879
observer1,0.1492,0.175364362952515
start,0.5127,1.05212394828648
cloudCover,0.271,0.371742112482853
