covnames,sum.wgt,ER
SURVEY,0.8723,6.83085356303837
observer1,0.312,0.453488372093023
start,0.3893,0.637465203864418
cloudCover,0.3797,0.612123166209898
