covnames,sum.wgt,ER
und,1.0002,-5001.00000000055
water,1.0002,-5001.00000000055
ele,1.0002,-5001.00000000055
height100,0,0
height500,0,0
disturb100,0.1057,0.118193000111819
disturb500,0.8945,8.47867298578199
distRoad,0,0
forest100,0.5863,1.41721053903795
forest1500,0.1731,0.209336074495102
forest500,0.2408,0.317175974710221
forest1000,0.2338,0.305142260506395
ndvi100,0.6206,1.63574064312072
ndvi500,0.3796,0.611863313990973
