covnames,sum.wgt,ER
SURVEY,0.0862,0.094331363536879
observer1,1.0001,-10001.0000000011
start,1.0001,-10001.0000000011
cloudCover,0.8777,7.17661488143909
