covnames,sum.wgt,ER
SURVEY,0.7135,2.49040139616056
observer1,1.0001,-10001.0000000011
start,0.6926,2.25309043591412
cloudCover,0.2832,0.395089285714286
