covnames,sum.wgt,ER
und,1.0596,-17.7785234899329
water,1.0596,-17.7785234899329
ele,1.0596,-17.7785234899329
height100,0.5874,1.42365487154629
height500,0.4722,0.89465706707086
disturb100,1.0596,-17.7785234899329
disturb500,0,0
distRoad,0.9404,15.7785234899329
forest100,0,0
forest1500,1.0596,-17.7785234899329
forest500,0,0
forest1000,0,0
ndvi100,1.0596,-17.7785234899329
ndvi500,0,0
