covnames,sum.wgt,ER
SURVEY,0.3219,0.474708745022858
observer1,0.4629,0.861850679575498
start,0.32,0.470588235294118
cloudCover,0.2698,0.369487811558477
