covnames,sum.wgt,ER
SURVEY,0.1919,0.237470610073011
observer1,1,Inf
start,0.8474,5.55307994757536
cloudCover,0.2723,0.374192661811186
