covnames,sum.wgt,ER
SURVEY,0.0477,0.0500892575868949
observer1,0.1236,0.141031492469192
start,0.263,0.35685210312076
cloudCover,0.9532,20.3675213675214
