covnames,sum.wgt,ER
SURVEY,0.0627,0.0668942707777659
observer1,0.1152,0.130198915009042
start,0.5686,1.31803430690774
cloudCover,0.7106,2.45542501727713
