covnames,sum.wgt,ER
SURVEY,0.7751,3.44642063139173
observer1,0.2153,0.274372371606984
start,0.2854,0.399384270920795
cloudCover,0.2891,0.40666760444507
