covnames,sum.wgt,ER
SURVEY,0.999,998.999999999999
observer1,0.9958,237.095238095239
start,0.7352,2.77643504531722
cloudCover,0.9999,9999.0000000011
