covnames,sum.wgt,ER
SURVEY,0.279,0.386962552011096
observer1,0.9997,3332.3333333337
start,0.2592,0.349892008639309
cloudCover,0.2698,0.369487811558477
