covnames,sum.wgt,ER
SURVEY,0.0708,0.0761945759793371
observer1,0.2768,0.382743362831858
start,0.2665,0.36332651670075
cloudCover,0.8446,5.43500643500644
