covnames,sum.wgt,ER
SURVEY,0.9929,139.845070422535
observer1,0.2557,0.343544269783689
start,0.2588,0.349163518618456
cloudCover,0.7063,2.40483486550902
