covnames,sum.wgt,ER
und,1.3974,-3.51635631605435
water,1.3974,-3.51635631605435
ele,1.3974,-3.51635631605435
height100,0.6987,2.31895121141719
height500,0.6987,2.31895121141719
disturb100,1.3974,-3.51635631605435
disturb500,0,0
distRoad,0.6026,1.51635631605435
forest100,1.3974,-3.51635631605435
forest1500,0,0
forest500,0,0
forest1000,1.3974,-3.51635631605435
ndvi100,1.3974,-3.51635631605435
ndvi500,0,0
