covnames,sum.wgt,ER
und,0.3531,0.545833977430824
water,0.7447,2.91696043869957
ele,0.8335,5.00600600600601
height100,0.7359,2.78644452858766
height500,0,0
disturb100,0.8539,5.84462696783025
disturb500,0,0
distRoad,0.7906,3.77554918815664
forest100,0.7512,3.01929260450161
forest1500,0,0
forest500,0,0
forest1000,0.7512,3.01929260450161
ndvi100,0,0
ndvi500,0.6277,1.686005909213
