covnames,sum.wgt,ER
SURVEY,0.8523,5.77048070413
observer1,0.2565,0.344989912575656
start,0.3374,0.509206157561123
cloudCover,0.3086,0.446340757882557
