covnames,sum.wgt,ER
SURVEY,0.3411,0.517680983457277
observer1,0.9994,1665.66666666685
start,0.3549,0.550147263990079
cloudCover,0.4611,0.85563184264242
