covnames,sum.wgt,ER
SURVEY,0.8603,6.15819613457409
observer1,0.5577,1.26090888537192
start,0.8696,6.66871165644172
cloudCover,0.2868,0.402131239484016
