covnames,sum.wgt,ER
und,0.8285,4.83090379008746
water,1.0673,-15.8588410104012
ele,0.9595,23.6913580246914
height100,0.5901,1.43961941937058
height500,0,0
disturb100,0.9142,10.6550116550117
disturb500,0,0
distRoad,0.6716,2.04506699147381
forest100,0.9035,9.36269430051813
forest1500,0,0
forest500,0,0
forest1000,0,0
ndvi100,0,0
ndvi500,0.7907,3.77783086478739
