covnames,sum.wgt,ER
und,1.0846,-12.8203309692671
water,1.0846,-12.8203309692671
ele,1.0846,-12.8203309692671
height100,0.5423,1.18483722962639
height500,0.5423,1.18483722962639
disturb100,1.0846,-12.8203309692671
disturb500,0,0
distRoad,0.9152,10.7924528301887
forest100,1.0846,-12.8203309692671
forest1500,0,0
forest500,0,0
forest1000,1.0846,-12.8203309692671
ndvi100,0,0
ndvi500,1.0846,-12.8203309692671
