covnames,sum.wgt,ER
SURVEY,0.9998,4998.99999999778
observer1,0.5459,1.20215811495265
start,0.9737,37.0228136882129
cloudCover,0.8144,4.38793103448276
