covnames,sum.wgt,ER
und,0.4962,0.984914648670107
water,1.2194,-5.55788514129444
ele,1.1556,-7.426735218509
height100,1.044,-23.7272727272727
height500,0,0
disturb100,0.6883,2.20821302534488
disturb500,0,0
distRoad,0.7228,2.60750360750361
forest100,0.9584,23.0384615384616
forest1500,0,0
forest500,0,0
forest1000,0.9584,23.0384615384616
ndvi100,0,0
ndvi500,1.1114,-9.97666068222622
