covnames,sum.wgt,ER
und,0.9999,9999.0000000011
water,0.9999,9999.0000000011
ele,0.9999,9999.0000000011
height100,0,0
height500,0,0
disturb100,0.6148,1.59605399792316
disturb500,0.3851,0.626280696048138
distRoad,0,0
forest100,0.2661,0.362583458236817
forest1500,0.0331,0.0342331161443789
forest500,0.7007,2.34112930170398
forest1000,0.0884,0.0969723562966213
ndvi100,0.0397,0.0413412475268145
ndvi500,0.9602,24.1256281407036
