covnames,sum.wgt,ER
SURVEY,0.7423,2.88048117966628
observer1,0.1541,0.182172833668282
start,0.4462,0.805706031058144
cloudCover,0.2967,0.42186833499218
