covnames,sum.wgt,ER
und,0.4759,0.908032818164472
water,0.51,1.04081632653061
ele,0.803,4.0761421319797
height100,0,0
height500,0.8498,5.6577896138482
disturb100,0.6053,1.53356979984799
disturb500,0,0
distRoad,0.5356,1.15331610680448
forest100,0,0
forest1500,0.842,5.32911392405063
forest500,0,0
forest1000,0,0
ndvi100,0.6915,2.24149108589951
ndvi500,0,0
