covnames,sum.wgt,ER
SURVEY,0.872,6.8125
observer1,0.1264,0.144688644688645
start,0.6634,1.9708853238265
cloudCover,0.2855,0.399580125962211
