covnames,sum.wgt,ER
und,1.3506,-3.85225328009127
water,1.3506,-3.85225328009127
ele,1.3506,-3.85225328009127
height100,0.6753,2.07976593778873
height500,0.6753,2.07976593778873
disturb100,1.3506,-3.85225328009127
disturb500,0,0
distRoad,0.6492,1.85062713797035
forest100,0,0
forest1500,0,0
forest500,1.3506,-3.85225328009127
forest1000,0,0
ndvi100,0,0
ndvi500,1.3506,-3.85225328009127
