covnames,sum.wgt,ER
und,1.9136,-2.09457092819615
water,1.9136,-2.09457092819615
ele,1.9136,-2.09457092819615
height100,0.9568,22.1481481481481
height500,0.9568,22.1481481481481
disturb100,1.9136,-2.09457092819615
disturb500,0,0
distRoad,0.0864,0.0945709281961471
forest100,0,0
forest1500,1.9136,-2.09457092819615
forest500,0,0
forest1000,0,0
ndvi100,0,0
ndvi500,1.9136,-2.09457092819615
