covnames,sum.wgt,ER
und,1.4562,-3.19202104340202
water,1.4562,-3.19202104340202
ele,1.4562,-3.19202104340202
height100,1.4404,-3.27066303360581
height500,0.0158,0.016053647632595
disturb100,1.4562,-3.19202104340202
disturb500,0,0
distRoad,0.5438,1.19202104340202
forest100,1.4562,-3.19202104340202
forest1500,0,0
forest500,0,0
forest1000,0,0
ndvi100,0,0
ndvi500,1.4562,-3.19202104340202
