covnames,sum.wgt,ER
SURVEY,0.2817,0.39217597104274
observer1,0.1112,0.125112511251125
start,0.2636,0.35795763172189
cloudCover,0.4166,0.714089818306479
