covnames,sum.wgt,ER
SURVEY,0.089,0.0976948408342481
observer1,0.3617,0.566661444461852
start,0.3168,0.463700234192038
cloudCover,0.2792,0.387347391786903
