covnames,sum.wgt,ER
SURVEY,0.8872,7.86524822695035
observer1,0.9218,11.7877237851662
start,0.2799,0.388696014442439
cloudCover,0.2815,0.39178844815588
