covnames,sum.wgt,ER
und,1.4362,-3.29252636405319
water,1.4362,-3.29252636405319
ele,1.4362,-3.29252636405319
height100,0.7181,2.54735721887194
height500,0.7181,2.54735721887194
disturb100,1.4362,-3.29252636405319
disturb500,0,0
distRoad,0.5638,1.29252636405319
forest100,0,0
forest1500,0,0
forest500,1.4362,-3.29252636405319
forest1000,0,0
ndvi100,0,0
ndvi500,1.4362,-3.29252636405319
