covnames,sum.wgt,ER
SURVEY,0.5814,1.38891543239369
observer1,0.8008,4.02008032128514
start,0.396,0.655629139072848
cloudCover,0.3737,0.596678907871627
