covnames,sum.wgt,ER
und,0.7235,2.61663652802893
water,0.9786,45.7289719626169
ele,0.8456,5.47668393782384
height100,0.5864,1.41779497098646
height500,0,0
disturb100,1.3825,-3.61437908496732
disturb500,0,0
distRoad,0.7376,2.8109756097561
forest100,0,0
forest1500,1.3804,-3.62881177707676
forest500,0,0
forest1000,0,0
ndvi100,0,0
ndvi500,0.9742,37.7596899224806
