covnames,sum.wgt,ER
SURVEY,0.8494,5.64010624169986
observer1,0.9927,135.986301369864
start,0.5175,1.07253886010363
cloudCover,0.3161,0.462202076326948
