covnames,sum.wgt,ER
und,0.4626,0.860811313732788
water,0.5073,1.02963263649279
ele,0.4863,0.946661475569398
height100,0.4372,0.77683013503909
height500,0,0
disturb100,0.5059,1.02388180530257
disturb500,0,0
distRoad,0.7842,3.6339202965709
forest100,0.826,4.74712643678161
forest1500,0,0
forest500,0,0
forest1000,0.826,4.74712643678161
ndvi100,0,0
ndvi500,0.4032,0.675603217158177
