covnames,sum.wgt,ER
SURVEY,0.9969,321.580645161291
observer1,0.7242,2.62581580855693
start,0.8811,7.41042893187553
cloudCover,0.3226,0.476232654266312
