covnames,sum.wgt,ER
und,0.8704,6.71604938271605
water,1.0961,-11.4058272632674
ele,0.8839,7.61326442721792
height100,0.6792,2.11720698254364
height500,0,0
disturb100,1.2624,-4.8109756097561
disturb500,0,0
distRoad,0.6411,1.78629144608526
forest100,1.0189,-53.9100529100532
forest1500,0,0
forest500,0,0
forest1000,1.0189,-53.9100529100532
ndvi100,0,0
ndvi500,0.601,1.5062656641604
