covnames,sum.wgt,ER
und,0.9999,9999.0000000011
water,0.9999,9999.0000000011
ele,0.9999,9999.0000000011
height100,0,0
height500,0,0
disturb100,0.2152,0.27420998980632
disturb500,0.7847,3.64468183929401
distRoad,0,0
forest100,0.3467,0.530690341343946
forest1500,0.4273,0.746114894360049
forest500,0.2259,0.291822761917065
forest1000,0.1047,0.116944041103541
ndvi100,0.0014,0.00140196274784699
ndvi500,0.9985,665.666666666641
