covnames,sum.wgt,ER
und,0.9999,9999.0000000011
water,0.9999,9999.0000000011
ele,0.9999,9999.0000000011
height100,0,0
height500,0,0
disturb100,0.7088,2.43406593406593
disturb500,0.2911,0.410636196924813
distRoad,0,0
forest100,0.4364,0.77430801987225
forest1500,0.3346,0.502855425308085
forest500,0.2289,0.296848657761639
forest1000,0.2277,0.294833613880616
ndvi100,0.4636,0.864280387770321
ndvi500,0.5363,1.15656674574078
