covnames,sum.wgt,ER
SURVEY,0.0878,0.0962508221881166
observer1,0.585,1.40963855421687
start,0.9995,1999.00000000022
cloudCover,0.7782,3.50856627592426
