covnames,sum.wgt,ER
und,0.9999,9999.0000000011
water,0.9999,9999.0000000011
ele,0.9999,9999.0000000011
height100,0,0
height500,0,0
disturb100,0.8668,6.50750750750751
disturb500,0.1331,0.153535586572846
distRoad,0,0
forest100,0.2525,0.337792642140468
forest1500,0.1756,0.21300339640951
forest500,0.5718,1.33535730966838
forest1000,0.1128,0.127141568981064
ndvi100,0.1603,0.190901512444921
ndvi500,0.8396,5.23441396508728
