covnames,sum.wgt,ER
und,1,Inf
water,1,Inf
ele,1,Inf
height100,0,0
height500,0,0
disturb100,0.9522,19.9205020920502
disturb500,0.0478,0.0501995379122033
distRoad,0,0
forest100,0.4838,0.937233630375823
forest1500,0.4139,0.706193482340897
forest500,0.1023,0.113957892391668
forest1000,0.2554,0.3430029546065
ndvi100,0.7103,2.45184673800483
ndvi500,0.2897,0.407855835562439
