covnames,sum.wgt,ER
und,1.522,-2.91570881226054
water,1.522,-2.91570881226054
ele,1.522,-2.91570881226054
height100,1.522,-2.91570881226054
height500,0,0
disturb100,1.522,-2.91570881226054
disturb500,0,0
distRoad,0.4778,0.914975105323631
forest100,0,0
forest1500,0,0
forest500,1.522,-2.91570881226054
forest1000,0,0
ndvi100,1.522,-2.91570881226054
ndvi500,0,0
