covnames,sum.wgt,ER
SURVEY,0.0926,0.102049812651532
observer1,0.7766,3.4762757385855
start,0.7606,3.17710944026733
cloudCover,0.5197,1.08203206329377
