covnames,sum.wgt,ER
SURVEY,0.3572,0.555693839452396
observer1,0.4051,0.680954782316356
start,0.3373,0.508978421608571
cloudCover,0.3405,0.516300227445034
