covnames,sum.wgt,ER
und,0.4775,0.913875598086124
water,0.485,0.941747572815534
ele,0.2731,0.375705048837529
height100,0,0
height500,0.5097,1.03956761166633
disturb100,0,0
disturb500,0.9609,24.5754475703325
distRoad,0.8341,5.02772754671489
forest100,0.3771,0.605394124257505
forest1500,0,0
forest500,0,0
forest1000,0,0
ndvi100,0,0
ndvi500,0.4405,0.787310098302056
