covnames,sum.wgt,ER
SURVEY,0.0657,0.0703200256876806
observer1,0.1909,0.235941169200346
start,0.9422,16.3010380622837
cloudCover,0.4442,0.799208348326736
