covnames,sum.wgt,ER
SURVEY,0.3556,0.551831160769708
observer1,0.7201,2.57270453733476
start,0.4179,0.717917883525167
cloudCover,0.4055,0.682085786375105
