covnames,sum.wgt,ER
und,0.9999,9999.0000000011
water,0.9999,9999.0000000011
ele,0.9999,9999.0000000011
height100,0,0
height500,0,0
disturb100,0.2636,0.35795763172189
disturb500,0.7363,2.79218809252939
distRoad,0,0
forest100,0.4539,0.831166453030581
forest1500,0.1736,0.210067763794773
forest500,0.3724,0.593371574251115
forest1000,0.1468,0.172058134083451
ndvi100,0.307,0.443001443001443
ndvi500,0.6929,2.25626831650928
