covnames,sum.wgt,ER
SURVEY,0.0835,0.0911074740861975
observer1,0.1717,0.20729204394543
start,0.2664,0.363140676117775
cloudCover,0.2638,0.358326541700625
