covnames,sum.wgt,ER
und,0.8248,4.70776255707763
water,0.7131,2.48553502962705
ele,0.8959,8.6061479346782
height100,0,0
height500,0.7688,3.32525951557094
disturb100,0.8591,6.097232079489
disturb500,0,0
distRoad,0.5807,1.38492725971858
forest100,0,0
forest1500,0,0
forest500,1.0456,-22.9298245614035
forest1000,0,0
ndvi100,0,0
ndvi500,0.2729,0.375326640077018
