covnames,sum.wgt,ER
und,1.0066,-152.515151515153
water,1.0066,-152.515151515153
ele,1.0066,-152.515151515153
height100,0.5033,1.01328769881216
height500,0.5033,1.01328769881216
disturb100,1.0066,-152.515151515153
disturb500,0,0
distRoad,0.9934,150.51515151515
forest100,1.0066,-152.515151515153
forest1500,0,0
forest500,0,0
forest1000,0,0
ndvi100,0,0
ndvi500,1.0066,-152.515151515153
