covnames,sum.wgt,ER
und,1.1875,-6.33333333333333
water,0.8952,8.54198473282443
ele,1.2561,-4.90472471690746
height100,1.2366,-5.22654268808115
height500,0,0
disturb100,0,0
disturb500,1.1041,-10.6061479346782
distRoad,0.811,4.29100529100529
forest100,1.1632,-7.12745098039216
forest1500,0,0
forest500,0,0
forest1000,0,0
ndvi100,0,0
ndvi500,0.9152,10.7924528301887
