covnames,sum.wgt,ER
und,0.9999,9999.0000000011
water,0.9999,9999.0000000011
ele,0.9999,9999.0000000011
height100,0,0
height500,0,0
disturb100,0.6495,1.85306704707561
disturb500,0.3504,0.539408866995074
distRoad,0,0
forest100,0.4759,0.908032818164472
forest1500,0.256,0.344086021505376
forest500,0.268,0.366120218579235
forest1000,0.2587,0.34898151895319
ndvi100,8e-04,0.000800640512409928
ndvi500,0.9991,1110.1111111111
