covnames,sum.wgt,ER
und,1,Inf
water,1,Inf
ele,1,Inf
height100,0,0
height500,0,0
disturb100,0.5408,1.17770034843206
disturb500,0.4592,0.849112426035503
distRoad,0,0
forest100,0.5074,1.03004466098254
forest1500,0.0558,0.0590976488032197
forest500,0.4368,0.775568181818182
forest1000,0.2217,0.284851599640242
ndvi100,0.3004,0.429388221841052
ndvi500,0.6996,2.3288948069241
