covnames,sum.wgt,ER
SURVEY,0.5149,1.0614306328592
observer1,0.2112,0.267748478701826
start,0.9502,19.0803212851405
cloudCover,0.2989,0.426330052774212
