covnames,sum.wgt,ER
und,0.5299,1.12720697723889
water,0.5525,1.23463687150838
ele,0.6665,1.99850074962519
height100,0.7925,3.81927710843373
height500,0,0
disturb100,0.3358,0.505570611261668
disturb500,0,0
distRoad,0.9526,20.0970464135021
forest100,0,0
forest1500,0,0
forest500,0.5689,1.31964741359313
forest1000,0,0
ndvi100,0,0
ndvi500,0.9274,12.7741046831956
