covnames,sum.wgt,ER
und,1,Inf
water,1,Inf
ele,1,Inf
height100,0,0
height500,0,0
disturb100,0.2154,0.274534794799898
disturb500,0.7846,3.64252553389044
distRoad,0,0
forest100,0.6871,2.19590923617769
forest1500,0.0922,0.101564221194096
forest500,0.2207,0.283202874374439
forest1000,0.0475,0.0498687664041995
ndvi100,0.3244,0.4801657785672
ndvi500,0.6756,2.0826140567201
