covnames,sum.wgt,ER
SURVEY,0.0408,0.042535446205171
observer1,0.3361,0.506250941406838
start,0.2731,0.375705048837529
cloudCover,0.4505,0.819836214740673
