covnames,sum.wgt,ER
und,1.679,-2.47275405007364
water,1.679,-2.47275405007364
ele,1.679,-2.47275405007364
height100,0.8395,5.23052959501558
height500,0.8395,5.23052959501558
disturb100,0,0
disturb500,1.679,-2.47275405007364
distRoad,0.321,0.472754050073638
forest100,1.679,-2.47275405007364
forest1500,0,0
forest500,0,0
forest1000,0,0
ndvi100,0,0
ndvi500,1.679,-2.47275405007364
