covnames,sum.wgt,ER
und,1,Inf
water,1,Inf
ele,1,Inf
height100,0,0
height500,0,0
disturb100,0.2929,0.414227124876255
disturb500,0.7071,2.41413451689997
distRoad,0,0
forest100,0.2725,0.374570446735395
forest1500,0.0953,0.105338786338013
forest500,0.6322,1.71886895051659
forest1000,0.2258,0.291655902867476
ndvi100,0.2429,0.320829480914014
ndvi500,0.7571,3.11692054343351
