covnames,sum.wgt,ER
und,1.0812,-13.3152709359606
water,1.0812,-13.3152709359606
ele,1.0812,-13.3152709359606
height100,0.5406,1.1767522855899
height500,0.5406,1.1767522855899
disturb100,1.0812,-13.3152709359606
disturb500,0,0
distRoad,0.919,11.3456790123457
forest100,0,0
forest1500,1.0812,-13.3152709359606
forest500,0,0
forest1000,0,0
ndvi100,1.0812,-13.3152709359606
ndvi500,0,0
