covnames,sum.wgt,ER
SURVEY,0.8594,6.11237553342817
observer1,0.2272,0.293995859213251
start,0.9362,14.6739811912226
cloudCover,0.3076,0.444251877527441
