covnames,sum.wgt,ER
und,0.9996,2499.00000000028
water,0.9996,2499.00000000028
ele,0.9996,2499.00000000028
height100,0,0
height500,0,0
disturb100,0.5755,1.35571260306243
disturb500,0.4241,0.736412571627018
distRoad,0,0
forest100,0.6683,2.01477238468496
forest1500,0.1409,0.164008846467233
forest500,0.1904,0.235177865612648
forest1000,0.4562,0.838911364472232
ndvi100,0.1633,0.19517150711127
ndvi500,0.8363,5.10873549175321
