covnames,sum.wgt,ER
und,0.9999,9999.0000000011
water,0.9999,9999.0000000011
ele,0.9999,9999.0000000011
height100,0,0
height500,0,0
disturb100,0.4233,0.734003814808393
disturb500,0.5766,1.36183278223902
distRoad,0,0
forest100,0.7147,2.50508236943568
forest1500,0.1467,0.171920778155397
forest500,0.1385,0.160766105629716
forest1000,0.2297,0.298195508243542
ndvi100,2e-04,0.0002000400080016
ndvi500,0.9997,3332.3333333337
