covnames,sum.wgt,ER
und,0.9299,13.265335235378
water,0.5653,1.30043708304578
ele,0.7463,2.94166338194718
height100,0.6282,1.68961807423346
height500,0,0
disturb100,0.4867,0.948178453146308
disturb500,0,0
distRoad,0.4701,0.887148518588413
forest100,0.4386,0.78126113288208
forest1500,0,0
forest500,0,0
forest1000,0,0
ndvi100,0,0
ndvi500,0.5287,1.12179079142797
