covnames,sum.wgt,ER
SURVEY,0.0283,0.0291242152927858
observer1,0.6505,1.86123032904149
start,0.9455,17.348623853211
cloudCover,0.3981,0.661405549094534
