covnames,sum.wgt,ER
SURVEY,0.0638,0.0681478316599017
observer1,0.999,998.999999999999
start,1.0001,-10001.0000000011
cloudCover,0.4543,0.832508704416346
