covnames,sum.wgt,ER
SURVEY,0.3484,0.534683855125844
observer1,0.1934,0.239771881973717
start,0.3738,0.596933886937081
cloudCover,0.6677,2.00932891965092
