covnames,sum.wgt,ER
und,0.6792,2.11720698254364
water,0.4138,0.70590242238144
ele,0.3968,0.657824933687003
height100,0.373,0.594896331738437
height500,0,0
disturb100,0.3623,0.568135486906069
disturb500,0,0
distRoad,0.3856,0.627604166666667
forest100,0.4641,0.866019779809666
forest1500,0,0
forest500,0,0
forest1000,0,0
ndvi100,0.3744,0.59846547314578
ndvi500,0,0
