covnames,sum.wgt,ER
SURVEY,0.3176,0.465416178194607
observer1,0.4828,0.933488012374323
start,0.2912,0.410835214446953
cloudCover,0.9042,9.4384133611691
