covnames,sum.wgt,ER
SURVEY,0.0695,0.0746910263299301
observer1,0.1357,0.15700566932778
start,0.3417,0.519064256418047
cloudCover,0.9992,1249.00000000014
