covnames,sum.wgt,ER
und,0.4412,0.789549033643522
water,0.5464,1.20458553791887
ele,0.9932,146.058823529411
height100,0.4308,0.756851721714687
height500,0,0
disturb100,0.4486,0.813565469713457
disturb500,0,0
distRoad,0.5573,1.25886604924328
forest100,0.7749,3.44247001332741
forest1500,0,0
forest500,0,0
forest1000,0.7749,3.44247001332741
ndvi100,0,0
ndvi500,0.4946,0.978630787495053
