covnames,sum.wgt,ER
SURVEY,0.9242,12.1926121372032
observer1,0.1152,0.130198915009042
start,0.9906,105.382978723405
cloudCover,0.281,0.390820584144645
