covnames,sum.wgt,ER
SURVEY,0.6606,1.94637595757219
observer1,0.1886,0.232437761893024
start,0.315,0.45985401459854
cloudCover,0.2694,0.368738023542294
