covnames,sum.wgt,ER
und,0.9999,9999.0000000011
water,0.9999,9999.0000000011
ele,0.9999,9999.0000000011
height100,0,0
height500,0,0
disturb100,0.3584,0.558603491271821
disturb500,0.6415,1.78940027894003
distRoad,0,0
forest100,0.2121,0.269196598553116
forest1500,0.3717,0.591596371160274
forest500,0.4161,0.712622024319233
forest1000,0.0375,0.038961038961039
ndvi100,0.1949,0.242081728977767
ndvi500,0.805,4.12820512820513
