covnames,sum.wgt,ER
SURVEY,0.9861,70.9424460431654
observer1,0.9178,11.1654501216545
start,0.2539,0.340302908457311
cloudCover,0.3272,0.486325802615933
