covnames,sum.wgt,ER
SURVEY,0.7231,2.61141206211629
observer1,0.1168,0.132246376811594
start,0.6553,1.90107339715695
cloudCover,0.274,0.377410468319559
