covnames,sum.wgt,ER
und,0.9171,11.0627261761158
water,0.4944,0.977848101265823
ele,0.7693,3.33463372345037
height100,0.9079,9.85776330076005
height500,0,0
disturb100,0,0
disturb500,0.9953,211.765957446807
distRoad,0.5394,1.17108119843682
forest100,0.5539,1.24164985429276
forest1500,0,0
forest500,0,0
forest1000,0,0
ndvi100,0,0
ndvi500,0.5208,1.08681135225376
