covnames,sum.wgt,ER
SURVEY,0.291,0.410437235543018
observer1,0.1276,0.146263182026593
start,0.281,0.390820584144645
cloudCover,0.3489,0.535862386730149
