covnames,sum.wgt,ER
SURVEY,0.9843,62.6942675159238
observer1,0.2185,0.27959053103007
start,1,Inf
cloudCover,0.319,0.468428781204112
