covnames,sum.wgt,ER
SURVEY,0.0612,0.0651896037494674
observer1,0.1379,0.159958241503306
start,0.2771,0.383317194632729
cloudCover,0.8876,7.89679715302492
