covnames,sum.wgt,ER
SURVEY,0.0695,0.0746910263299302
observer1,0.8613,6.20980533525595
start,0.9998,4999.00000000055
cloudCover,0.3129,0.455392228205501
