covnames,sum.wgt,ER
und,1.9998,-2.000200040008
water,1.9998,-2.000200040008
ele,1.9998,-2.000200040008
height100,0.9999,9999.0000000011
height500,0.9999,9999.0000000011
disturb100,0,0
disturb500,1.9998,-2.000200040008
distRoad,2e-04,0.0002000400080016
forest100,0,0
forest1500,0,0
forest500,1.9998,-2.000200040008
forest1000,0,0
ndvi100,0,0
ndvi500,1.9998,-2.000200040008
