covnames,sum.wgt,ER
und,0.9999,9999.0000000011
water,0.9999,9999.0000000011
ele,0.9999,9999.0000000011
height100,0,0
height500,0,0
disturb100,0.9139,10.6144018583043
disturb500,0.086,0.0940919037199125
distRoad,0,0
forest100,0.535,1.1505376344086
forest1500,0.2178,0.278445410380977
forest500,0.2471,0.328197635808208
forest1000,0.3154,0.460706982179375
ndvi100,0.0016,0.0016025641025641
ndvi500,0.9983,587.235294117635
