covnames,sum.wgt,ER
SURVEY,0.3938,0.649620587264929
observer1,0.9242,12.1926121372032
start,0.385,0.626016260162602
cloudCover,0.7997,3.99251123315027
