covnames,sum.wgt,ER
SURVEY,0.0898,0.0986596352450011
observer1,0.5781,1.37022991230149
start,0.2952,0.418842224744608
cloudCover,0.2737,0.37684152554041
