covnames,sum.wgt,ER
SURVEY,0.3503,0.539171925504079
observer1,0.1194,0.135589370883489
start,0.2648,0.360174102285092
cloudCover,0.3538,0.547508511296812
