covnames,sum.wgt,ER
und,1,Inf
water,1,Inf
ele,1,Inf
height100,0,0
height500,0,0
disturb100,0.3653,0.575547502757208
disturb500,0.6347,1.73747604708459
distRoad,0,0
forest100,0.5377,1.16309755569976
forest1500,0.4338,0.766160367361356
forest500,0.0285,0.0293360782295419
forest1000,0.4142,0.707067258449983
ndvi100,0.5571,1.25784601490178
ndvi500,0.4429,0.795009872554299
