covnames,sum.wgt,ER
SURVEY,0.9969,321.580645161291
observer1,0.9876,79.6451612903228
start,0.5655,1.30149597238205
cloudCover,0.31,0.449275362318841
