covnames,sum.wgt,ER
SURVEY,0.1784,0.21713729308666
observer1,0.1436,0.16767865483419
start,0.267,0.364256480218281
cloudCover,0.8686,6.6103500761035
