covnames,sum.wgt,ER
SURVEY,0.0928,0.102292768959436
observer1,0.1154,0.13045444268596
start,0.2778,0.384657989476599
cloudCover,0.4711,0.890716581584421
