covnames,sum.wgt,ER
SURVEY,0.1701,0.20496445354862
observer1,0.9894,93.33962264151
start,0.7423,2.88048117966628
cloudCover,0.2804,0.389660922734853
