covnames,sum.wgt,ER
und,1.587,-2.70357751277683
water,1.587,-2.70357751277683
ele,1.587,-2.70357751277683
height100,0.2072,0.261352169525732
height500,1.3798,-3.63296471827278
disturb100,1.587,-2.70357751277683
disturb500,0,0
distRoad,0.4132,0.704158145875937
forest100,1.587,-2.70357751277683
forest1500,0,0
forest500,0,0
forest1000,0,0
ndvi100,0,0
ndvi500,1.587,-2.70357751277683
