covnames,sum.wgt,ER
SURVEY,0.9097,10.0741971207088
observer1,1,Inf
start,0.3472,0.531862745098039
cloudCover,0.2574,0.34661998384056
