covnames,sum.wgt,ER
und,0.6024,1.51509054325956
water,0.5772,1.36518448438978
ele,0.7497,2.99520575309629
height100,0.5634,1.29042601923958
height500,0,0
disturb100,0.688,2.2051282051282
disturb500,0,0
distRoad,0.9796,48.0196078431373
forest100,0,0
forest1500,0,0
forest500,0.9804,50.0204081632652
forest1000,0,0
ndvi100,0,0
ndvi500,0.5087,1.03541624262162
