covnames,sum.wgt,ER
und,1,Inf
water,1,Inf
ele,1,Inf
height100,0,0
height500,0,0
disturb100,0.329,0.490312965722802
disturb500,0.671,2.03951367781155
distRoad,0,0
forest100,0.5001,1.000400080016
forest1500,0.4618,0.858045336306206
forest500,0.0381,0.0396091069757771
forest1000,0.4227,0.732201628269531
ndvi100,0,0
ndvi500,1,Inf
