covnames,sum.wgt,ER
und,0.4608,0.85459940652819
water,0.4426,0.794043774668102
ele,0.9683,30.5457413249212
height100,0.6511,1.86615075952995
height500,0,0
disturb100,0.6004,1.5025025025025
disturb500,0,0
distRoad,0.744,2.90625
forest100,0.4592,0.849112426035503
forest1500,0,0
forest500,0,0
forest1000,0.4592,0.849112426035503
ndvi100,0,0
ndvi500,0.9234,12.0548302872063
