covnames,sum.wgt,ER
und,0.4715,0.892147587511826
water,0.7954,3.88758553274682
ele,0.7443,2.91083300743058
height100,0.6544,1.89351851851852
height500,0,0
disturb100,0.8318,4.94530321046373
disturb500,0,0
distRoad,0.5284,1.12044105173876
forest100,0,0
forest1500,0,0
forest500,0.6784,2.10945273631841
forest1000,0,0
ndvi100,0.6452,1.8184892897407
ndvi500,0,0
