covnames,sum.wgt,ER
SURVEY,0.0388,0.0403662089055347
observer1,0.2495,0.332445036642239
start,0.2845,0.397624039133473
cloudCover,0.3825,0.619433198380567
