covnames,sum.wgt,ER
und,1,Inf
water,1,Inf
ele,1,Inf
height100,0,0
height500,0,0
disturb100,0.0119,0.0120433154539014
disturb500,0.9881,83.033613445378
distRoad,0,0
forest100,0.0152,0.0154346060113729
forest1500,0.975,39
forest500,0.0098,0.00989699050696829
forest1000,0.0051,0.00512614333098804
ndvi100,0.9918,120.951219512195
ndvi500,0.0082,0.0082677959265981
