covnames,sum.wgt,ER
SURVEY,0.171,0.20627261761158
observer1,0.5201,1.08376745155241
start,0.8493,5.635700066357
cloudCover,0.2812,0.391207568169171
