covnames,sum.wgt,ER
SURVEY,0.1693,0.203804020705429
observer1,0.1362,0.157675387821255
start,0.3648,0.574307304785894
cloudCover,0.2626,0.356116083536751
