covnames,sum.wgt,ER
und,1.0002,-5001.00000000055
water,1.0002,-5001.00000000055
ele,1.0002,-5001.00000000055
height100,0,0
height500,0,0
disturb100,0.9816,53.3478260869566
disturb500,0.0186,0.0189525168127165
distRoad,0,0
forest100,0.812,4.31914893617021
forest1500,0.0228,0.0233319688907082
forest500,0.1654,0.198178768272226
forest1000,0.4763,0.909490166125644
ndvi100,0.0123,0.0124531740407006
ndvi500,0.9879,81.6446280991736
