covnames,sum.wgt,ER
und,1.7452,-2.3419216317767
water,1.7452,-2.3419216317767
ele,1.7452,-2.3419216317767
height100,0.8726,6.84929356357928
height500,0.8726,6.84929356357928
disturb100,0,0
disturb500,1.7452,-2.3419216317767
distRoad,0.2548,0.341921631776704
forest100,1.7452,-2.3419216317767
forest1500,0,0
forest500,0,0
forest1000,0,0
ndvi100,0,0
ndvi500,1.7452,-2.3419216317767
